id,name,last_name,password,email,phone,address,city,state,zip,country
5774375044,jnntdxrn,ricvnkzn,glbugawetu,wtfwvglk@test.com,6830537336,cmukugjwit,fgebwbsprx,dgvxbcwxpf,54562,ihhideuwez
3542383570,kjtkwwey,bmveeiui,bzrgslcvnf,zvrotmhe@example.com,0869561946,ikdqhnsjaj,udojykrabh,vedgeytshk,21070,njncfzvhjy
6439278343,ntzujqza,rgmhrcpv,cgzclzzybo,qmonhywq@example.com,3677887769,egtethoxub,jfqijegbjy,eiqfwzbxxr,61509,saymxunnqe
6878493533,txjwnobe,atcqvdkt,rwxadogghx,byyfhyco@example.com,4682286755,ougdkqakfz,rmmqrzpjfj,roszngoskv,93350,rfhajymwwo
7927779434,sdhnffye,jwteflvh,jfhqjepawe,jcsnsqfo@prueba.com,5065310386,tpewaqtszp,mjaentxtix,pwerdpwris,36620,mnguzdujln
6379795484,rwdorgrk,ojqunofe,nrmnfplqtq,bdnjrhir@prueba.com,9100590235,mtftbjuchy,yjbufcifyj,gfzyzwiinp,46821,xlyhhtleyx
5353360712,kheyacvm,yqywnylv,owayrdnsok,dxxwxczx@example.com,2311192213,zsfaqfaaqc,locupfzgae,cbtktmmhqa,93215,bzmklkbhhz
4406383662,vvzgqktt,nromwkdi,ftvmznzeec,hegxghfp@example.com,8154955043,bgvdvaezdq,gsjngtxvlr,skhsmfbwyg,59711,ovrrqkvstj
5822963766,ohbnjoxk,ypzqyvhk,kjaxkdcupv,fsbmpglv@prueba.com,9859028853,wfwougpkac,xyjpmuaina,qjolikqunf,24612,tuuuafhfky
6609033711,mkpqhalw,kegndbfd,qupjapntnj,vecxrnwk@test.com,0303515003,ysajnrtyac,vpexdqjgmm,kkywfzbewe,70140,zssrsrkquy
3563844904,lvrikdxm,cdexpsnf,llhiljxwfl,jdhjzycl@example.com,0112497427,xqfegrlehb,vhxxgxttaq,wvikhyzqfq,53021,myvciolrld
6998882048,bxzrfaxk,ledxeesq,vzbxttxubm,mhtxjxdl@test.com,0127227593,mhowniuflo,syhuomrncl,afdsqmaygp,44073,tccomompcq
2448709578,yztlptwp,kismwagf,fdavcddsja,tsmcclea@example.com,1833650880,rixzlyktgi,ibbivxlbco,eelmxlenfg,42634,hevnmaobjp
3152321921,gmicbqrx,azaiqzqu,muusqdjsok,neqmqcdn@prueba.com,2257592602,nmulmgiuqb,afmzsugvmi,jlyqlxpwxf,68203,yrrpuxhvtm
7384794373,elpmmluo,oqtkmgdp,jaeftqdguf,zogdiycn@test.com,4343077209,tyftiqatsl,lpsncfnwtb,pxpndginbn,76894,lggiohjrgy
6118633627,ahjlbnrh,rstloqvf,ogwcqzhkvf,ihhnfzmg@example.com,5121556551,vpppkwfsot,raykwmflwb,gxwwpjpbyy,73434,jvnaletusj
2562761832,gwgrscct,fdmajqug,llvucwokfp,lynddwwt@example.com,1082315609,eyqxdpmvft,kuczeeakoi,lmkkuftaas,10201,auokdouvnq
1015541366,ffdfpuwf,vvdbpzbn,lphjklsjdi,hiwvfkez@test.com,0792232886,irjqmrqawn,roekmnngbz,cerpfpwibf,69878,falcbcqpzp
0841451044,izvmztfw,kzafqzxb,xxfhpidfty,eafkyzjc@test.com,3519504449,soaydgcwbd,frvmftgjqs,eckxjpdtzs,12137,csyknslkoy
1095902913,uejvmdpe,nmgfianj,oegmrnvhum,rkeykkkv@example.com,8951078657,psvtwzejmn,fcsvmzblch,fwzctmcifr,69217,aevkwfeikq
7334277193,qvzdjmnk,mihirofb,gshrjoovye,anhkcyew@test.com,2061545601,wtaaqjdcpt,rtbynptwud,oaejdptoqy,09965,puwiiomuqk
4305821071,uomqtvqh,svwhbsix,yumtlfnvka,hcbnwniq@prueba.com,0992537139,xlhfqyjnon,afulxfpoik,ksuhqvhuxi,38419,fvphezydpy
3563300275,impwrbrn,xvgejpwx,lsnrnwvlvf,ogfzemsq@prueba.com,9411517134,bcozpvaokj,crunsbbywe,vonvmmntwg,73194,qaimkkpmqr
8746648143,fpujoezu,igbgbdlf,sdfqfladkr,fysszslp@prueba.com,7340586493,akyuqyqjgx,exeryfoipg,itccowpwmr,67481,zgorhclkql
4171181199,wjulcpzw,eermjvcm,vhcezsvabz,aeovtlha@prueba.com,6399163469,xgmipekdzi,vevhczkoet,xewkjwhvct,37710,vcxmgxpley
8068483032,zqcfwsze,uuzikwyq,dvtqzymqqz,fcrkvrmm@prueba.com,8022219466,hrdtuwnpqz,bcifzqfdyc,amiaoewcck,14773,oocpseenzb
2266418947,hwqakewm,qjslheij,ndfbshottj,zeyxpdxc@test.com,4317734844,oxhdpfkngf,cchedplfba,icrjkvmjxd,97054,wukeomktjq
3568865908,utsuukvw,fyggaqlw,vpdtcqierp,dscdicck@prueba.com,5189565452,qisvmhavcb,tyhmuiqrqr,isvqilznco,03910,alxoyrbfqg
8447426516,golsormv,ldbysdyd,zwicssnypr,gcfuztgj@example.com,2996315675,wprieduuhf,fzavbnefqu,lrbjsajtrm,73340,lkeaewpxbo
8703517432,ksvvusvj,byqmgoor,oxdzlqoswl,aymhixai@test.com,2077770260,pcpaydomcs,ywnpiznvtr,rbtqystoud,93681,ovsbytolzj
0451153480,pxhfoitm,yntlaocq,bmgjsyzjeu,zccepyne@prueba.com,1972926632,oetfnjnhlu,lgkvxemqiz,msndzjeikb,03048,cfqnkmkxfo
7250773112,gqwiajfy,nknoqhux,xumbbenlko,uolpkaoc@prueba.com,3431925642,gmzxicnukg,noxuaflljd,gwasmrhmmc,50651,stbtpotizh
9128853305,xqqtyqfp,ttfpvutz,wenflgbscu,jhyxvhdr@test.com,7372299615,vwmyhixjxm,qeusextvrq,kxhklyqfyu,25644,xwdpkgtmhb
6973850736,blrnnkow,djqepucg,pdowuxzjef,rtbvpicq@prueba.com,5243439237,nsrzvbrafi,ftwzybiywx,loclzucmad,59974,kkynttbcvv
2619458445,xzzpclzu,kvbnblaw,keajtxrppd,djguppbc@example.com,2606966768,rqlxxtcclm,usfionjrhe,uhjshwvoys,54251,xdmgynvjvh
9595598245,bxyerhgr,ulotujjk,bktluegndd,sbhzgkpo@test.com,8711213120,bibiuuztcr,obymktiuhv,xigdewvxkj,56644,rqbgnojxcl
1414279667,pyndtvvi,dteuelaj,vvaetrgkyo,bprrefxn@example.com,5443860597,fshhslgndv,uskyyvjqqg,jzeqslidcr,01020,zbprjlsevb
6075610924,vwadjvyw,kvnumshb,edmzznsdjs,nuhxnylf@example.com,5629038141,weifkiehzy,ycgrmmlawa,vcrtbjahoe,92480,ygykxeoevr
6201104070,kaylndku,rviriadl,syazicadxt,yzyypuok@test.com,2789863703,hkfemnuavh,ifvcwhqvul,krircpnbdr,50465,unrmrmyfxe
4467491563,ryfkjaxb,dlyitpbp,qubrlzuisj,sqoykvti@test.com,2108250863,rymvbqljvw,ynriepiugd,bsbzykhoat,58536,cynkvkpzir
3401972969,twmhlggm,nbcjpvda,wqeefxwfmy,ysqzrdoq@test.com,1814769153,vugcaowkpa,npvhwregof,ylykyrvbtz,52710,pvejvqwbnd
1753304444,ldvibcfm,zvvptcwo,mxnxwxbtat,gghqvuru@prueba.com,8139270651,njhwfwtshm,nocabomcvf,nxiskuzqis,08147,rfcvbqmuqg
3350842343,oluamxfh,ysnqyqta,qdbzszxizg,wpoisjwb@prueba.com,9005891459,qkdzhlmxxt,hrnvsnamjd,yqeuywrhid,39727,dysfqgzlml
9781693995,cgqarosw,lkppaian,howmdzzniu,llqdnzwz@prueba.com,8075539261,vltzghdnds,ixsezvunfi,flodcwwytf,11942,sibpvlqoyl
3589824391,cxoqeedn,abvqabut,pzpvbmwoks,jnlxmczm@example.com,2477084146,rsewbxkdam,magobdkuzu,yrcykwyeag,30044,egdnsmtikg
6061154612,zmrzdtwj,vxxpqenf,zkoyixymze,juxlmkgq@example.com,8705958506,hfcdvgohon,eubgifsprp,vcnxqfbrcr,05084,csccssxpvf
7593562157,hoxtsyoy,lcwnvlrf,tikgctbvrf,xlaciuyz@test.com,4665636963,wchnrslygb,inctcikyyh,gutbarawvs,95842,rehnybytdj
5448520283,gxqcmzij,hlyrnpqz,ueyqxcfmeu,ngkohsjp@prueba.com,1404428247,toelsmeosp,cximbsnnmw,jvylylnsqg,25613,mtkyvicicz
2429041848,lhmtbcnm,zdpgyttx,amnysokygb,hckpzfpn@test.com,8769967855,btmisfqokj,jgzteypfre,kfwzwpphsk,29088,iflepcoszi
8619551098,otpomtxt,llwrsqvj,jvkyoahdrz,mxaavhws@prueba.com,1991824421,gfpqizoyhv,dvwfdbchgs,kcpyjpnzmr,47428,cnsgjngccy
